metric,mean,std
rmse_log,0.4466870040091532,0.01839406959353334
mae_log,0.28968256687061766,0.0032970532331821163
r2_log,0.5904425955787092,0.029153156169370864
